happy joy love / sad,empathy / apathy,hope / despair,agree / disagree,compliment praise / criticize,calm / concern fear anxiety,comfort / pain discomfort,surprise awe / ,satisfaction / , / frustration anger, / annoyance
38.32868858,36.8417768632,12.0374454141,0.80223855835,54.5234259355,-33.3204223723,-11.5047967042,36.9787386747,18.9500766795,-36.3632372505,8.69869831474
39.7304675326,38.2019323519,12.4975481653,0.828538423354,56.5439378543,-34.5430718632,-11.9072857637,38.3285254181,19.6469653952,-37.6943852936,9.03517256142
35.8132182071,34.4409805055,11.2462786032,0.740920024336,50.9774285979,-31.1548852862,-10.759559151,34.5577586676,17.7126285135,-33.9910329203,8.12841866024
41.1166523341,39.5573574584,12.9112339082,0.838272246351,58.5658325785,-35.8006563511,-12.4264897133,39.6949801977,20.3449828847,-39.0467771065,9.32778674805
40.1008035481,38.5954115594,12.6082500842,0.81745787538,57.1542023707,-34.9137396845,-12.1155025946,38.7075881389,19.8451956852,-38.0805920473,9.1173070119
40.8747047423,39.3943363132,12.941852637,0.830692570027,58.3847572662,-35.5435724829,-12.2720167233,39.4570322397,20.2310004419,-38.8072818519,9.37805459649
42.399265474,40.9105775405,13.4399777926,0.849641227407,60.6622792146,-36.9263735903,-12.8154337787,40.9699938265,20.9947430766,-40.297450405,9.76040826473
47.5432132523,45.9482551473,15.1973398681,0.952500666864,68.2157785926,-41.3367325398,-14.2210600491,45.9247965568,23.5381191709,-45.1558414319,11.0893105667
46.8727717068,45.3013216388,14.9807743162,0.940702534613,67.2604836078,-40.751380749,-14.0294178388,45.2729518164,23.2073902747,-44.5186909375,10.932783376
46.8963590786,45.3332089245,14.9629593317,0.952532217916,67.2776022104,-40.7990778243,-14.0495744174,45.2967159079,23.2218112609,-44.5450250847,10.9304240998
48.847290686,47.253141706,15.5582187282,0.979490146267,70.1082756357,-42.5631670533,-14.7503537528,47.2108928621,24.1982241693,-46.4404441711,11.3732963956
48.0629140703,46.5269066872,15.325585191,0.961799749416,69.0445955596,-41.890872756,-14.5258619201,46.4533647179,23.8179113718,-45.7126793676,11.2157001102
50.0947601472,48.4601314929,15.9492036596,1.00619735102,71.8875548722,-43.6786051925,-15.1478369725,48.4079396,24.8198536001,-47.6399750451,11.6614279734
52.1228164857,50.4259761458,16.6037952639,1.04605905489,74.8139762745,-45.4306478802,-15.7133687675,50.3578001718,25.8226587413,-49.5538508756,12.1414444917
54.8868382541,53.0648119547,17.4299837223,1.11214910046,78.6762122382,-47.9097793645,-16.5965928532,53.0487126896,27.197587018,-52.214122972,12.7196197289
56.2674372839,54.4267935111,17.909365815,1.13431551385,80.7255085462,-49.0881087989,-16.9803665782,54.3783616747,27.8834136487,-53.5218886396,13.0844509788
60.3734060918,58.2682273767,19.0937625866,1.23750851986,86.3120754716,-52.6727006968,-18.3036523436,58.318143191,29.9110613679,-57.4099686268,13.904777432
61.6847514816,59.4982883502,19.4515884936,1.26901551419,88.0826930511,-53.8788918433,-18.7597506014,59.6009261522,30.5648025765,-58.688268147,14.138194405
59.5532018513,57.4743467381,18.8506192021,1.22427986497,85.1137969204,-51.9879868268,-18.0783447074,57.5424764906,29.509757135,-56.6527279895,13.7249249147
58.6788298094,56.6589513302,18.630800432,1.20210967332,83.956188995,-51.2051697223,-17.7675398013,56.7047313579,29.0796725125,-55.8246837829,13.5695470231
56.0476084507,54.1002599116,17.7742153546,1.1457875496,80.1474364653,-48.9123431102,-16.9981061967,54.1616769417,27.7765106315,-53.3197784809,12.9273018527
56.1793237198,54.1911102952,17.7971432935,1.14414908751,80.2429221489,-49.0225056805,-17.0540214599,54.2716188813,27.8327511768,-53.4307897289,12.9431414277
60.7399690165,58.5211871209,19.1258242834,1.24919383934,86.55040195,-53.1205159098,-18.5546713412,58.7075521571,30.1023435365,-57.8360253009,13.8685476097
62.3331761451,60.0523706403,19.6450717527,1.2729551303,88.810017928,-54.4929255152,-19.0105840077,60.2383093305,30.889752858,-59.3496770595,14.2479746111
63.9417127836,61.6383963003,20.1950457112,1.29623068303,91.1897981401,-55.8788496673,-19.4662784769,61.7931648946,31.6889985142,-60.885015454,14.6666620251
64.6025052133,62.2829923482,20.4194745215,1.30528366397,92.1660161997,-56.4415977739,-19.6512346504,62.416455119,32.0094794317,-61.4997225797,14.8500113293
64.8854510212,62.5125665951,20.4422414806,1.31652949033,92.4602604488,-56.7327501552,-19.8108713902,62.6986686515,32.1516391816,-61.7913380339,14.8549859613
63.8894561491,61.5893478897,20.1144962812,1.28827930685,91.0890305022,-55.9864168325,-19.5753228968,61.7769232541,31.6695010291,-60.9201698405,14.6272717758
65.6810230036,63.2685220677,20.6231489757,1.33018727335,93.5314193944,-57.5768562734,-20.167527501,63.506804676,32.5560734242,-62.635409468,14.982345685
68.9867717051,66.484856863,21.6699261136,1.38008626938,98.309353673,-60.5018868226,-21.2448242128,66.723420537,34.1986972947,-65.8110709719,15.757081423
68.9867717051,66.484856863,21.6699261136,1.38008626938,98.309353673,-60.5018868226,-21.2448242128,66.723420537,34.1986972947,-65.8110709719,15.757081423
71.0564132145,68.4926352019,22.3526558949,1.42460703564,101.299146236,-62.2958453552,-21.8285309664,68.7178167559,35.2234381589,-67.7709399414,16.2656185059
73.0103542682,70.3307274588,22.9184188785,1.46840928328,103.983713036,-64.0190337417,-22.4606068836,70.6028528413,36.1905328359,-69.6355821187,16.6619240189
74.2814806582,71.5430752385,23.3078570512,1.49812066575,105.747046989,-65.1188608499,-22.8379575903,71.8173157655,36.8138188329,-70.8260018299,16.9471490192
74.7679758612,71.9945251547,23.4331617718,1.51336779949,106.404840376,-65.541308291,-23.0005427802,72.2863371109,37.0508613538,-71.279604146,17.0235065977
72.9195836794,70.2003647448,22.8987690297,1.48928829044,103.780314432,-63.8329572666,-22.2996161033,70.4508252489,36.1205626217,-69.4521719558,16.6488688691
69.5380749187,66.9600514506,21.8482639878,1.41943295663,98.9886983173,-60.9120910449,-21.2858026429,67.1965192552,34.4452765407,-66.2471557928,15.9012017301
70.4273585958,67.8417403023,22.1184714694,1.43161612164,100.306885217,-61.693839608,-21.5757808306,68.0675970083,34.8863690486,-67.1027331142,16.1107983479
69.4897864186,66.9202523637,21.7889098069,1.41632964836,98.9187068992,-60.9023200713,-21.3251911492,67.1686549581,34.4212484393,-66.2202143825,15.865073166
70.4541352107,67.8450132131,22.0436498436,1.43421129853,100.252705805,-61.7889060087,-21.659012814,68.1123441825,34.9008559872,-67.1540163396,16.0452982715
65.0353185023,62.6351586778,20.3219006697,1.32372647367,92.5179875632,-57.0980999701,-20.0669808985,62.8984587971,32.2206522611,-62.0277437008,14.7986203875
62.8963327425,60.5312708553,19.569642304,1.28210117974,89.3552560092,-55.2848735449,-19.4989387846,60.8426537543,31.1647769008,-60.0160237676,14.2285061573
60.3761091637,58.0566877514,18.759317565,1.24596409405,85.6598861063,-53.0573736649,-18.6665291794,58.3813403372,29.9032353178,-57.5869675718,13.6387287643
57.4656972341,55.1628552393,17.6933390671,1.18270745101,81.264105371,-50.6185540464,-17.9456613516,55.5843844538,28.4701163576,-54.8691050387,12.8004187584
57.3005827362,54.9707337908,17.6055006212,1.18086371571,80.9521416559,-50.492004355,-17.9347113119,55.4220138881,28.3822105132,-54.707631116,12.7257301386
56.8442353149,54.5211617543,17.456316259,1.16099916226,80.3090412016,-50.108873873,-17.8252783449,54.9880333603,28.1607213967,-54.2932492353,12.5976249037
56.9405891393,54.5697439359,17.4166818815,1.16112651315,80.3566426695,-50.2196664238,-17.9050810234,55.088836708,28.2028977426,-54.3977374211,12.5593104308
57.135412643,54.7473315696,17.5425894051,1.18226345975,80.6345411534,-50.2943454431,-17.7941382877,55.2324158795,28.282579745,-54.5162921839,12.6596086156
56.6076467627,54.2550308969,17.4025222934,1.17034615503,79.9179049615,-49.7995874372,-17.6169111911,54.7178841097,28.021931569,-54.0052269289,12.564914782
55.0833793941,52.786980834,16.9136105064,1.13763507651,77.7495815898,-48.4754923442,-17.1866186962,53.2537551176,27.2677771295,-52.5675077726,12.2095544239
53.8813022887,51.6201379874,16.5377357999,1.11670381031,76.0056973687,-47.4127065949,-16.8251546269,52.0907260346,26.6712610058,-51.4175129886,11.937214569
51.8196793729,49.6295006116,15.8647390295,1.06809967988,73.0750171074,-45.6029467549,-16.2070728828,50.0842832571,25.643885744,-49.4398465097,11.4532800582
51.3924517165,49.2396485895,15.7629336596,1.06577418775,72.5178807589,-45.2248332163,-16.0444949387,49.6776587571,25.4341645231,-49.0321840319,11.3846554624
46.560290646,44.7173371906,14.3954423969,0.940326364368,65.9654084171,-40.9357588034,-14.4524764839,45.0102772819,23.0390256969,-44.4163831301,10.4560967764
46.093898552,44.2485774865,14.2019898518,0.928975533074,65.2469191066,-40.557402561,-14.3512342428,44.5651717832,22.8100582618,-43.9862140638,10.3046559975
45.0793399684,43.2498961604,13.8414573472,0.911247990105,63.740731142,-39.7042183094,-14.0892158546,43.5929868781,22.3070943008,-43.0343493609,10.0348075232
45.0793399684,43.2498961604,13.8414573472,0.911247990105,63.740731142,-39.7042183094,-14.0892158546,43.5929868781,22.3070943008,-43.0343493609,10.0348075232
44.7181289022,42.903121826,13.7247587962,0.908402433461,63.2286647714,-39.3929900945,-13.9886518399,43.2453760174,22.1311032373,-42.6959061971,9.95140387649
42.8641422237,41.1448366763,13.1649263614,0.87048594902,60.6592339499,-37.7675959759,-13.4116911951,41.4616667746,21.216946365,-40.9316907781,9.55072373463
37.7088199386,36.2565577527,11.664431024,0.756440320305,53.5385038928,-33.1523520389,-11.7139657551,36.4584177037,18.6564044548,-35.9643954519,8.50104975174
36.1309415114,34.7108586128,11.1299806354,0.73394432205,51.2235427723,-31.7966891714,-11.2780449377,34.9372068773,17.8748667563,-34.4665764003,8.09828343349
33.5747654014,32.2346979335,10.3029214782,0.688397026527,47.5472872249,-29.5700816921,-10.5197545654,32.4731005801,16.6102887621,-32.0321577471,7.48396907091
37.7221289821,36.1962258351,11.5353658475,0.771394146692,53.3570539288,-33.270484326,-11.9220228228,36.509397321,18.6667014711,-36.0177860361,8.35951843136
35.1007704375,33.6939261621,10.7301620535,0.715329925969,49.6631717933,-31.0000372919,-11.1297327708,33.9887490345,17.3703976271,-33.5345426302,7.78117834728
35.3415811418,33.9837280781,10.8956544404,0.713055773986,50.1712508369,-31.11541159,-11.0815942491,34.2002701695,17.4788770887,-33.7049004703,7.93209068271
34.2021096597,32.9582592742,10.6058847298,0.685875247642,48.723183007,-30.0937003313,-10.6612586612,33.1063048666,16.9192330232,-32.6133972177,7.73940731912
31.446058656,30.2573828247,9.72165241989,0.644459364132,44.6964800858,-27.6429665516,-9.75912774243,30.4123851674,15.545058518,-29.9549261026,7.08187919471
30.7034683428,29.5490759069,9.4969801238,0.626296463018,43.652812002,-26.9768389524,-9.53799765445,29.6996183855,15.1781054972,-29.2471766048,6.90942461537
36.3100707246,35.0431060586,11.3244110344,0.730816597495,51.8581027819,-31.909371521,-11.244995615,35.1668829272,17.9620651416,-34.6124045747,8.25022573022
36.717295522,35.4287310578,11.4396941873,0.739354614819,52.4239846024,-32.2622262931,-11.3699598955,35.5579361853,18.1656485058,-34.9937914596,8.32622185364
36.2284848543,34.9604217928,11.2796587922,0.72218538293,51.7542117493,-31.8848155557,-11.263886319,35.1064495856,17.9331650352,-34.5699449069,8.20474912898
40.6051553812,39.1836987281,12.7006216282,0.82454114558,58.0255288708,-35.6802030321,-12.5326116005,39.3325683999,20.0945483988,-38.7183861036,9.24835409836
41.7138676211,40.2834110414,13.1152409474,0.846870869662,59.6963907967,-36.597728172,-12.806640436,40.3932576377,20.6424232884,-39.7512916997,9.56753085993
41.8382372536,40.400776549,13.1641672773,0.855084463984,59.8655208838,-36.7240292031,-12.8548082884,40.5212996024,20.7014980833,-39.8794933807,9.62030934666
42.5472126388,41.0569219285,13.4073742169,0.867402091773,60.8549874493,-37.3228447686,-13.0308659573,41.1979832103,21.044703068,-40.546202809,9.79196355292
42.5101504034,41.023145755,13.3982947909,0.866488119291,60.8065412721,-37.2889800869,-13.017634315,41.1606915781,21.0267455705,-40.511733328,9.78619164021
42.4820620112,40.9246226883,13.3717483454,0.880885944569,60.6270310929,-37.2098771189,-12.9148835904,41.0832507814,20.9953776053,-40.4339875638,9.75936105451
42.4820620112,40.9246226883,13.3717483454,0.880885944569,60.6270310929,-37.2098771189,-12.9148835904,41.0832507814,20.9953776053,-40.4339875638,9.75936105451
41.7368578318,40.2158565144,13.1511761197,0.86399107995,59.5838323284,-36.5358799423,-12.6710916414,40.362176556,20.6261994269,-39.7173292294,9.60504210817
41.2803869999,39.783906256,13.0180786193,0.853306520677,58.9618342723,-36.1245886839,-12.5190233522,39.9166067188,20.398035262,-39.2725394639,9.51489370309
40.051090835,38.6154962409,12.6407866366,0.832594788708,57.239886225,-35.0578845715,-12.1378913264,38.7379576625,19.7952635236,-38.1110544172,9.24113220007
38.3270072778,36.9399286334,12.0695073001,0.79688912675,54.7372689477,-33.5609739159,-11.6495210967,37.0710621603,18.9434094505,-36.4759265137,8.8124587534
37.322274599,35.9824614165,11.7659717255,0.775677523011,53.3239440357,-32.6635954069,-11.3293453035,36.1003471824,18.4463504135,-35.5136940974,8.59815303535
36.7117394522,35.4290747722,11.6356558591,0.76511905442,52.5446010593,-32.1048169697,-11.1068524142,35.5101796734,18.1539342071,-34.9309235645,8.48852126053
40.1235866977,38.7296539912,12.6590381313,0.823370525872,57.4328208542,-35.1538555187,-12.2465928603,38.8455117817,19.8593983494,-38.2293020649,9.21389903572
41.6200128779,40.1897820826,13.1369919793,0.851559595107,59.6142154886,-36.4608734957,-12.6986575455,40.2939982672,20.6016047553,-39.6541491053,9.57079093213
42.6987798494,41.2404298968,13.4845590803,0.872653854072,61.1861264383,-37.3896832216,-12.9995809592,41.3319125794,21.1357279377,-40.6731061384,9.8262957009
40.9956578379,39.5972200107,12.9634778148,0.836737271309,58.7523061493,-35.8968797344,-12.4860641535,39.6897288052,20.2915959878,-39.0550553634,9.44853021236
40.5422369881,39.1521041772,12.7994185561,0.825585485471,58.0830741854,-35.5133166809,-12.3682941288,39.2541541096,20.068858492,-38.6311187543,9.32248161332
40.5422369881,39.1521041772,12.7994185561,0.825585485471,58.0830741854,-35.5133166809,-12.3682941288,39.2541541096,20.068858492,-38.6311187543,9.32248161332
45.1413993391,43.5823863613,14.2385890182,0.915616146296,64.6509622438,-39.5600549085,-13.7563920398,43.7066145567,22.3384709775,-43.0148512035,10.3845085333
49.3824511021,47.7046585454,15.614504813,0.982720284496,70.8071539627,-43.2592520485,-15.074786672,47.8235106629,24.4361292537,-47.0488124508,11.3877088945
49.802581855,48.1163921153,15.7462239845,0.986170179127,71.4164576926,-43.6352305756,-15.2077400119,48.2348073568,24.6453421425,-47.4590846759,11.4900660679
51.7259822254,49.9231855379,16.2716052011,1.02449803477,74.010463818,-45.3897282263,-15.8653117248,50.1209805195,25.6022563588,-49.3332748831,11.8386629891
51.7259822254,49.9231855379,16.2716052011,1.02449803477,74.010463818,-45.3897282263,-15.8653117248,50.1209805195,25.6022563588,-49.3332748831,11.8386629891
51.9417069761,50.1255518274,16.3355884095,1.02941774309,74.3092034259,-45.5705122082,-15.929205188,50.3247037592,25.7083643791,-49.5331023021,11.8849695106
56.9788800763,55.0420530364,17.9229950053,1.11677801789,81.639349448,-50.0240239365,-17.5169354265,55.2356819914,28.2126585999,-54.3704167835,13.0486833779
60.5446808578,58.4462278232,19.0311666792,1.19724973511,86.6621007883,-53.1266188425,-18.5995218558,58.6689767892,29.9741624909,-57.7499493937,13.8527546118
61.2781591882,59.1888233693,19.3210443445,1.21607172375,87.7933367919,-53.7427142999,-18.7754631779,59.3771735887,30.3355811287,-58.4383804283,14.08723845
57.3263823164,55.380497527,18.118182332,1.13588520303,82.1801516992,-50.2107080999,-17.4533766113,55.5262457602,28.3705494561,-54.6334018348,13.2248323751
58.2597561956,56.2924805919,18.4267766647,1.15731379979,83.5426377252,-51.0206773497,-17.72470491,56.4298671594,28.8310580767,-55.5202411729,13.4623510669
56.0048072913,54.0477522457,17.6177442794,1.12025592267,80.1182367898,-49.1384826388,-17.1662305117,54.2793286686,27.7219213726,-53.4241254283,12.8399398579
61.4357660858,59.3433083334,19.4284521993,1.23179458844,88.0042008604,-53.8044925107,-18.6990027175,59.5070410489,30.4026847059,-58.5578097559,14.1982168562
63.0994250883,60.9701576328,19.9739622313,1.26266042631,90.4476603151,-55.2394084803,-19.159399672,61.1029491968,31.2245096719,-60.129945714,14.6134342668
69.1188807081,66.6954926523,21.8039885141,1.39322957532,98.8966120613,-60.4755260924,-20.9774227923,66.9005705643,34.182699913,-65.8248716453,15.9577305444
62.942241761,60.7213066841,19.8482075486,1.26976315071,90.0210975186,-55.0827737865,-19.0945249021,60.9119497868,31.1170961623,-59.9520936297,14.563515302
63.6838217447,61.4583029318,20.1174702703,1.28335580607,91.14678862,-55.6999573532,-19.268960702,61.6181386581,31.4855973488,-60.6485271004,14.7680921245
64.3916440113,62.0401918537,20.2024969613,1.29974321992,91.913279682,-56.3918946235,-19.6049296695,62.3212309287,31.8316379641,-61.3573185833,14.8000172946
61.8036613476,59.5227022052,19.306540155,1.23907236894,88.1261334127,-54.2026988683,-18.9043781394,59.8419815575,30.5604543492,-58.9385697126,14.127489693
60.1945577555,57.959417823,18.7812907048,1.20009256209,85.7987106459,-52.7910216102,-18.4340642894,58.2819727435,29.7668633366,-57.4051068484,13.7230157532
60.2410850129,58.0186400458,18.8188411112,1.1968631234,85.9015203318,-52.7983232165,-18.4266672434,58.3183611214,29.7932041124,-57.4381756923,13.7447633661
60.5417273604,58.3200410523,18.9129055918,1.20690851219,86.337407155,-53.0777912114,-18.5164514255,58.6261950362,29.9518205791,-57.7427100094,13.8043836944
61.847513131,59.6324716265,19.4277574334,1.23524561314,88.3429113624,-54.1330817736,-18.8057374187,59.8694998682,30.5962559818,-58.9457238254,14.1954279064
63.9992668595,61.6720055657,20.0602182898,1.29373582501,91.3199884535,-56.0181826923,-19.4841214188,61.9461838823,31.6618784098,-60.9910168141,14.6477353935
65.4451185034,63.020605999,20.4493886202,1.3303525613,93.2579204212,-57.3338836641,-19.9850603699,63.361701257,32.3794770779,-62.3914645553,14.8966643931
68.8751021407,66.322015718,21.5043357713,1.40470355829,98.1352527698,-60.3537963876,-21.0120266056,66.6859900825,34.0802044917,-65.6674804535,15.656899233
71.002379216,68.3455364146,22.1715085059,1.45333224172,101.117073707,-62.1901246801,-21.664952897,68.730568031,35.1310583764,-67.6829321969,16.1342434213
73.3804012289,70.6085541799,22.9046455951,1.50567712976,104.446606074,-64.2546421456,-22.4051263475,71.0209654461,36.305013557,-69.9433222052,16.6643650753
73.959958841,71.1690321777,23.0800349786,1.5221768145,105.253808657,-64.7585268716,-22.5754257575,71.5734572196,36.590911008,-70.4848726996,16.7942244317
75.3184474417,72.4875900668,23.5137342977,1.5463592515,107.221629914,-65.9514348776,-22.9840564992,72.8915934221,37.264455821,-71.7817671105,17.1204163603
73.0084628551,70.2111750622,22.7692303509,1.51601477129,103.822896186,-63.9025391629,-22.2091199711,70.6317755984,36.1086063062,-69.5499965466,16.5745077341
72.874826703,70.136870473,22.7661790424,1.51789609751,103.738712234,-63.7862709199,-22.1282339521,70.516692838,36.045061785,-69.4340492315,16.5866783095
72.4998097487,69.719327428,22.6040385505,1.51390303474,103.079400429,-63.4612382986,-22.0553469051,70.1530778169,35.8509009009,-69.061793902,16.4512455424
72.4998097487,69.719327428,22.6040385505,1.51390303474,103.079400429,-63.4612382986,-22.0553469051,70.1530778169,35.8509009009,-69.061793902,16.4512455424
72.24641306,69.476035667,22.5192800728,1.51293895877,102.718367026,-63.2457644502,-21.9886493618,69.9115933992,35.7282909244,-68.8271416601,16.3892151357
72.8918682209,70.0829669727,22.6941958376,1.52910574175,103.593363807,-63.8278251898,-22.2048784226,70.5326818901,36.0472059694,-69.4470513411,16.5117715701
72.8918682209,70.0829669727,22.6941958376,1.52910574175,103.593363807,-63.8278251898,-22.2048784226,70.5326818901,36.0472059694,-69.4470513411,16.5117715701
68.5272159176,65.8781799729,21.3331916831,1.44046766603,97.3587338955,-59.9785778179,-20.872710762,66.3034082236,33.891338412,-65.2792825598,15.5088681782
64.7739351115,62.2217050576,20.1088335027,1.38538790608,91.8929497594,-56.71740434,-19.7065383578,62.65878958,32.0344754417,-61.711080657,14.6125501435
63.5292360557,61.0435204541,19.7583425664,1.36057972934,90.1852536608,-55.5888547297,-19.2896837366,61.4402611037,31.4152329532,-60.5001797053,14.3695448647
63.4747101994,60.9851472023,19.7565225161,1.3616067622,90.1366769858,-55.4834518259,-19.2312556665,61.3731520029,31.3773961767,-60.407054937,14.3821822205
67.5257765016,64.9352187395,21.1507031384,1.44046360022,96.0577584926,-58.9361937455,-20.3404737028,65.2669913042,33.3826081161,-64.2263897242,15.4008065357
67.1405912538,64.5534154906,21.0596625047,1.44287485456,95.5051605289,-58.5410390656,-20.0983389172,64.8619941069,33.1847200913,-63.8202794429,15.3330297704
63.4745065455,61.0482715497,19.9240309281,1.368968236,90.2903684687,-55.3516344752,-18.9977685904,61.316276978,31.3705071713,-60.332679922,14.5328320307
62.3764745134,59.9823705721,19.5631892836,1.34174560388,88.7120940498,-54.3917011657,-18.6555781536,60.2515870295,30.827519989,-59.2866458962,14.2593711327
61.8051476561,59.4456995856,19.3923242959,1.33264533963,87.9286238437,-53.8996812922,-18.4747182695,59.7083072633,30.5484481054,-58.7494177314,14.135832365
60.1844581745,57.8750124503,18.8720479141,1.29351093662,85.5945495958,-52.472057649,-17.9910976952,58.1349352119,29.7489640882,-57.2021908159,13.7372105551
59.0981841138,56.8523228452,18.5802330588,1.26899310599,84.1298082455,-51.463067048,-17.6081883423,57.0633669856,29.2060314944,-56.1326006474,13.5433866223
58.0710542838,55.8726770888,18.2258645001,1.23935559813,82.6741520814,-50.6178121642,-17.3366713702,56.0972461134,28.7090367696,-55.1973103824,13.2724351378
52.8084484581,50.7299163231,16.4949269814,1.13669341808,75.0021627671,-46.081273777,-15.8558323747,51.0278187256,26.1050870084,-50.2120134842,11.9786988145
51.6962886362,49.6598064876,16.154709183,1.11227489878,73.4153963007,-45.0858437808,-15.5082147167,49.9447698542,25.5560191942,-49.1406994341,11.7167311263
45.4062320913,43.6487229426,14.1998932377,0.976580757212,64.524537862,-39.6383601364,-13.6348311219,43.8864598329,22.4606565774,-43.1967136,10.2839446807
44.3241515494,42.592007921,13.8529714994,0.960481892589,62.9522448224,-38.679905287,-13.3001867759,42.8360679003,21.9220311295,-42.1504916629,10.0182005197
42.8190179735,41.1278976765,13.3708121188,0.933656400987,60.7551188004,-37.3840136316,-12.867656238,41.3839131142,21.1792471304,-40.7219313673,9.65720867629
40.6773502616,39.1857470291,12.8445826965,0.875814667052,57.9932173909,-35.4151401091,-12.0843676767,39.2798904031,20.1161532325,-38.6323102179,9.33401409876
42.4530022715,40.9183269017,13.4438020932,0.909989459785,60.5858929311,-36.9315945602,-12.5754661619,40.987709726,20.9923840533,-40.302243923,9.78144125544
44.3816014901,42.7753510713,14.0056776741,0.946535500848,63.3261282583,-38.6681535686,-13.2155305319,42.8759698759,21.950271444,-42.1712174166,10.1826636112
43.7192331267,42.1629324052,13.8391264629,0.930002190853,62.4642729772,-38.0514587187,-12.971625992,42.2209260524,21.6185965552,-41.518531381,10.0833118023
41.1480710881,39.6365315585,12.9424185744,0.879866376517,58.6606874386,-35.8737184631,-12.2959571057,39.7518570243,20.346898516,-39.1031827708,9.41313405092
40.0484976967,38.5542328309,12.559943821,0.853728134038,57.0369242168,-34.9318921414,-11.9930337132,38.689567826,19.8048609766,-38.064084346,9.11661195789
37.5635172427,36.2535522468,11.8942317736,0.792333431698,53.7224957514,-32.731301493,-11.1514176261,36.2956194828,18.5768856753,-35.6959024605,8.67480568208
35.0059558819,33.8334571873,11.1722519937,0.732585418036,50.2174542473,-30.4244836402,-10.3119074061,33.7975360926,17.3032347254,-33.22253392,8.19443714192
32.7026321249,31.6435679039,10.4793746111,0.68087540834,46.9946186957,-28.4007124433,-9.60459296048,31.5725123605,16.1634089956,-31.0279942692,7.69742639501
31.4189751256,30.3893447644,10.054254683,0.657790666432,45.1245341136,-27.2834352086,-9.2206932119,30.3287868594,15.5285671411,-29.7985045711,7.37438943919
29.3961234618,28.479340066,9.44743518684,0.604847466039,42.3458110496,-25.5343983569,-8.59174734643,28.3920584422,14.530694049,-27.8939735808,6.9485298709
32.2543868126,31.208315871,10.3384642997,0.665153015583,46.3670795572,-28.0056289037,-9.43468770696,31.155088355,15.9381686129,-30.5918890811,7.57784272752
32.1944274049,31.1556387042,10.3405709672,0.666245296146,46.2948196658,-27.9332080694,-9.39460724822,31.0862653665,15.9065695747,-30.5209711576,7.5891551017
32.5296729234,31.4781220227,10.4630271737,0.685568251307,46.7558412577,-28.1916612741,-9.46630663138,31.3918709668,16.0625480953,-30.8027992597,7.69204535052
29.9391704961,28.9317946084,9.58968069367,0.626888410365,42.9184853185,-25.9850870014,-8.77964972324,28.9045623749,14.7853205717,-28.3685180818,7.03700382247
28.3139723003,27.3914149721,9.10818752027,0.595541778542,40.6383044585,-24.575154051,-8.26523278485,27.3339593309,13.9886243483,-26.8397696967,6.69088853285
28.4839555245,27.5591807958,9.16987085888,0.600454642469,40.8887138348,-24.7190672651,-8.30862502816,27.4967659552,14.0728300431,-27.0004984852,6.73798075846
29.542741527,28.6115665555,9.4936887629,0.608909230016,42.4525352865,-25.6984161611,-8.73030868856,28.5515648022,14.6068331704,-28.047875536,6.97494508262
32.9043485724,31.9217991922,10.6415430802,0.673279528575,47.4391873702,-28.5750854793,-9.63950225147,31.7932445211,16.2686006213,-31.2181529483,7.84109350256
32.4933380921,31.5268979661,10.5221565875,0.66499479591,46.8614271128,-28.1936212235,-9.50065241853,31.3893595998,16.0641824337,-30.8140449308,7.75289498367
33.2379896859,32.2575185407,10.7722712667,0.677900428649,47.9562029869,-28.8414880474,-9.71781053419,32.1100759213,16.432813029,-31.5254606483,7.9433514553
36.8650044567,35.7726297613,11.9415426019,0.755388441834,53.1831555498,-32.0262909975,-10.7989659704,35.619630039,18.2252663022,-34.9771162007,8.81216828511
42.8548046138,41.630374579,13.8699315697,0.867235344919,61.8871166402,-37.2960399985,-12.6609498385,41.4282073042,21.2012031242,-40.7071607902,10.2444710042
43.8363147806,42.5811386548,14.1412496774,0.890986038821,63.2686660873,-38.1721334351,-12.9751801041,42.3721263369,21.6866256492,-41.6370136377,10.4435478082
40.4159578309,39.2222783246,12.9403081534,0.830560850792,58.1885492365,-35.2630686496,-12.0577891886,39.081821219,19.9913077687,-38.4035740278,9.55231158135
42.4077848391,41.1713893549,13.5215485576,0.850332725058,61.0791486407,-37.0738888634,-12.7762236574,41.0387695546,20.9894331762,-40.3442015848,9.96948680512
40.5997533981,39.3945153075,12.9060349842,0.813962757689,58.4100858319,-35.526754471,-12.2875745595,39.2969706016,20.0948855795,-38.6377466502,9.50577646006
40.4413499835,39.2671378867,12.913358385,0.810998434636,58.2515019355,-35.3367478621,-12.1929912413,39.1307952945,20.015777635,-38.4632904564,9.51489630696
40.4413499835,39.2671378867,12.913358385,0.810998434636,58.2515019355,-35.3367478621,-12.1929912413,39.1307952945,20.015777635,-38.4632904564,9.51489630696
40.4413499835,39.2671378867,12.913358385,0.810998434636,58.2515019355,-35.3367478621,-12.1929912413,39.1307952945,20.015777635,-38.4632904564,9.51489630696
40.0210942676,38.8501641776,12.7674620638,0.80494310924,57.6257280308,-34.9738728373,-12.0842061502,38.715746015,19.807436004,-38.059256025,9.41101077503
43.9153059244,42.6412415987,13.9405533282,0.850653323225,63.2413871443,-38.4912446297,-13.4820998609,42.5379487458,21.7515376772,-41.8457811291,10.2505474349
45.2407952467,43.87621871,14.2915485277,0.88807133254,64.9947873876,-39.6957257127,-13.9394137371,43.8351034894,22.4108172894,-43.1319324571,10.4778861863
47.025164337,45.5759728499,14.8349223864,0.924781589867,67.4872783494,-41.2587653657,-14.4895595223,45.5609925642,23.2902419731,-44.8329988169,10.868952876
51.7104366598,50.0865079517,16.1986155747,0.996118393234,74.0855035216,-45.4716798094,-16.1661832743,50.1324276799,25.6252324037,-49.3638283104,11.8432674246
51.4739911248,49.8538871796,16.1146497572,0.990791552084,73.7410120348,-45.261799602,-16.1010941426,49.9007168999,25.507715762,-49.1371372311,11.7828134127
50.2216603389,48.6366849451,15.718846934,0.962469975122,71.9533118849,-44.164577259,-15.726314098,48.6960258456,24.8870812747,-47.9462635676,11.4870520621
51.4048065749,49.7823197318,16.0517618989,0.989774346807,73.6428322702,-45.2254046291,-16.1024794164,49.8454313764,25.4792789983,-49.0860549061,11.7198474481
49.6742306643,48.1035644358,15.4833110375,0.955542280694,71.138484244,-43.7313507022,-15.6114902703,48.1804432893,24.6246687961,-47.4468178091,11.2983798139
49.6957423999,48.1336652842,15.5076170111,0.958555422614,71.1947422351,-43.7291159641,-15.5699136975,48.1847239835,24.6324885714,-47.4437519719,11.3263518381
53.8021981856,52.1005838479,16.7601678114,1.02886677515,77.0488371635,-47.3878264987,-16.936250869,52.1871700114,26.673806451,-51.3997146977,12.2254996424
58.3964886386,56.5308200484,18.2646885053,1.12494137214,83.6347129062,-51.3611341734,-18.2657127491,56.6030534818,28.9358508185,-55.7390057006,13.340090553
60.0604864489,58.1461956052,18.7928466628,1.15749529992,86.0348896087,-52.8337520346,-18.7792184963,58.2184580767,29.7581582008,-57.3312648983,13.737834255
66.1578687267,64.009061676,20.6132829994,1.27013048292,94.6589400992,-58.2948512517,-20.8853857473,64.1635598548,32.7879514258,-63.2101880839,15.0528043363
67.6341074633,65.4503929235,21.052601871,1.29621540188,96.7920871736,-59.6296532845,-21.4295179294,65.6165008856,33.5242756493,-64.6413179346,15.3726524665
68.1407303832,65.9676978787,21.1867891843,1.28924842899,97.5554386116,-60.1530938982,-21.7080779389,66.1537744109,33.7880410163,-65.1794207801,15.4644232237
68.9146625202,66.7259654665,21.4449852204,1.30670039888,98.6909394407,-60.8244934085,-21.9311066706,66.9039274024,34.1699536623,-65.9145105771,15.6650235385
70.6070735608,68.3893902439,22.0373746245,1.34966817664,101.167537111,-62.2674446499,-22.3840161111,68.5334101023,35.0044264846,-67.500927161,16.1104059157
67.9675961586,65.8334184698,21.1810721337,1.29010845729,97.390913162,-59.9768026002,-21.6165681964,65.9860222986,33.6983818905,-65.0003541841,15.4801674729
66.8816010496,64.7972215917,20.8521625671,1.2558109268,95.8897760467,-59.0470629364,-21.300737254,64.9513360425,33.1666109351,-63.9923610328,15.239218033
65.5309716263,63.5070422791,20.4406976446,1.22439455418,94.0085637494,-57.8460544412,-20.8795708015,63.6352238132,32.4955529923,-62.6931380976,14.9525260236
67.8855693301,65.7520628079,21.1495227795,1.28682503191,97.307254496,-59.9315533306,-21.6087656303,65.9065036219,33.6541678349,-64.9284667962,15.4707046608
71.2886562853,69.0221773925,22.2290093385,1.35839509677,102.15574669,-62.8518224207,-22.6028239376,69.1737868229,35.3382795121,-68.1382927267,16.246875597
72.5323506345,70.1931513964,22.6247837878,1.4047773276,103.881759011,-63.8824423609,-22.87523474,70.3417654555,35.9394732334,-69.2762275291,16.552525468
72.5880863567,70.2360011239,22.6647343851,1.41257379559,103.949571583,-63.9099907829,-22.8766810521,70.3930709507,35.9655980926,-69.3198964039,16.5709293049
70.6400968791,68.3206509696,21.9818905382,1.37376005711,101.06485321,-62.2577031275,-22.3757193792,68.5226744521,35.0051055532,-67.4935477167,16.0498933065
73.117001385,70.694337448,22.7374001361,1.42600193712,104.568423673,-64.4038469155,-23.117012339,70.9026210889,36.2225785459,-69.832712867,16.6074908217
72.1829409144,69.7858969236,22.43195663,1.40894310631,103.210437856,-63.5862085804,-22.83737368,69.9975964688,35.7617712627,-68.9413769534,16.3808804432
67.3183397241,65.0567830126,20.9224147866,1.31806249089,96.1845831529,-59.2442249882,-21.2605193965,65.2511845617,33.3464672135,-64.261063079,15.2637097725
65.4598476448,63.2844289274,20.4030864227,1.28845883176,93.610484375,-57.6188263561,-20.6892807902,63.4805586851,32.4345275651,-62.5238492473,14.9021422164
66.9176457721,64.7126973193,20.8886790787,1.31717101197,95.7567908957,-58.8668678096,-21.0944627049,64.8773314994,33.1612349321,-63.9032685508,15.2708120852
65.0939429783,62.9253273264,20.3705768717,1.29136707401,93.154780376,-57.2218521608,-20.4368501561,63.1025592852,32.2513476325,-62.150544422,14.897679345
64.872862769,62.7111726003,20.2991628486,1.28827066532,92.8338718408,-57.0291494982,-20.3735078458,62.8890546564,32.1422950927,-61.9405241695,14.8452025471
67.6845852894,65.4033195675,21.1439459635,1.33358801281,96.7994838786,-59.4876188519,-21.2248446799,65.5990046573,33.5347850258,-64.6145774799,15.4476246593
68.5859760435,66.2775066428,21.4162795587,1.35627855039,98.0704848881,-60.2808350106,-21.505251968,66.465690392,33.9803270666,-65.4662904013,15.6502731288
71.6789157087,69.220939178,22.3802730748,1.43013352444,102.402415388,-62.968367885,-22.4252384191,69.4630626218,35.5031023711,-68.3882779511,16.3247850044
71.4303044803,68.9888713241,22.3113895464,1.42283545157,102.062083133,-62.7490363415,-22.3367300048,69.2231694625,35.3795813887,-68.1505857828,16.2770744287
71.47350439,69.0094919217,22.3607623051,1.44282759306,102.096594836,-62.7067976229,-22.219970554,69.2231116921,35.3858748666,-68.1327344664,16.3203829691
69.1082551547,66.6830053262,21.6175036056,1.41166026617,98.6381065045,-60.5890853153,-21.4058952247,66.9207478602,34.2063074707,-65.8440171765,15.7696069522
67.3368820302,65.0222485664,21.1138811656,1.3720743977,96.2492455878,-59.0006227007,-20.8184586587,65.1962013289,33.3280027582,-64.1341198209,15.4311629276
70.4556674082,68.1407403797,22.2339943061,1.41315515763,100.997979192,-61.7408341335,-21.7356405653,68.243309336,34.8811637963,-67.1260396797,16.2778492044
71.4759381496,69.0719840843,22.5773512561,1.45496713992,102.383943958,-62.5341745137,-21.9171752748,69.1899954482,35.3638187538,-68.0194381542,16.5281159945
71.2973964018,68.9071699078,22.5356666543,1.45063944832,102.144231659,-62.3742725386,-21.8535512659,69.0190897535,35.2759464724,-67.8500783375,16.500541618
69.7444544993,67.3380753842,22.0054020479,1.42916528475,99.7606755774,-61.0039452527,-21.4349130562,67.5058170112,34.5027773508,-66.3611682125,16.0896921579
68.614849105,66.2347326433,21.6539256506,1.41044141652,98.1141767372,-60.0098816054,-21.0931042738,66.4082269508,33.9409180657,-65.2806530056,15.8312109607
67.4345323929,65.0833457511,21.2761866197,1.38795883957,96.3960324079,-58.9839215961,-20.7505114216,65.2689595764,33.3563020736,-64.1629535144,15.5532632485
67.4345323929,65.0833457511,21.2761866197,1.38795883957,96.3960324079,-58.9839215961,-20.7505114216,65.2689595764,33.3563020736,-64.1629535144,15.5532632485
65.6682846863,63.3514339215,20.7707329742,1.37426570369,93.8526085957,-57.3356980863,-20.0557301404,63.5260826182,32.4616285762,-62.4048554309,15.1930918037
62.8156506504,60.5892392697,19.8364618643,1.31284259877,89.7640984205,-54.8182100879,-19.1844329161,60.7743595676,31.05417409,-59.6794390721,14.4958560663
62.3905942754,60.1671719358,19.7018529626,1.30664533576,89.1358213743,-54.4275511824,-19.0451842213,60.3572081225,30.8454194787,-59.2639254366,14.3789724432
54.6880360397,52.7200550865,17.3812020539,1.17196262668,78.1466870707,-47.5204022999,-16.3639540537,52.8296695482,27.0132705601,-51.8228337272,12.6912540546
53.8389281684,51.8742713575,17.1241318956,1.17177489857,76.8837390484,-46.7194249423,-15.9958786229,51.9692170241,26.5832213892,-50.9700670041,12.5095953394
59.5914316611,57.4246797716,18.8746189013,1.2672372018,85.0610269543,-51.8323109037,-17.9648015981,57.5769255669,29.4472761733,-56.5031958274,13.7508401934
58.6436600218,56.4914063119,18.5399593539,1.24079816053,83.6798770391,-51.0334060691,-17.7190008256,56.6735978603,28.9807626821,-55.6237594514,13.4950188796
59.5692290517,57.3968107794,18.867714572,1.26305705023,85.0266921296,-51.8150655023,-17.9739304253,57.5561366926,29.4351980651,-56.4880140173,13.7455969045
60.6273863399,58.4728289424,19.2656476454,1.28726711565,86.6382727694,-52.7330243513,-18.2632059745,58.5785625993,29.9664558041,-57.5108093022,14.0617708069
62.095408087,59.848546856,19.6958906961,1.324990776,88.6425730208,-53.9944420989,-18.7177688083,59.9903792445,30.6892981895,-58.8928462049,14.3590187183
61.724208418,59.4975010492,19.5850954825,1.31299455209,88.1327755827,-53.6712664244,-18.6033031654,59.6352680059,30.5071971852,-58.5445123871,14.2790358709
58.4865868834,56.4236812201,18.6101081344,1.23260530837,83.6116406733,-50.8578002226,-17.6337626868,56.5223560367,28.9126002143,-55.4872924362,13.5783207556
57.8320559683,55.7521496654,18.3493107415,1.21458681784,82.5908393225,-50.3225717198,-17.4806810898,55.9034275324,28.5894813498,-54.880983276,13.3484080496
57.5476010495,55.4747875414,18.255484993,1.20960498894,82.1780841015,-50.0860579525,-17.3897439767,55.6318639,28.4477086209,-54.6156723865,13.2891871147
56.1464829784,54.1194334844,17.8177050726,1.18128960114,80.1600819162,-48.8672083061,-16.9800584174,54.2797979334,27.7538516717,-53.2842718395,12.9749570275
54.4052124317,52.4587636684,17.2821043357,1.14075889862,77.7191484392,-47.36330059,-16.4469893979,52.6071937026,26.9009038991,-51.641939353,12.5783740637
53.1330708834,51.2240967467,16.8784997401,1.11371787316,75.8801496276,-46.2594003122,-16.083373763,51.3822437708,26.2707814537,-50.4376580746,12.2838678938
51.7454961565,49.8620111745,16.3883800692,1.08804225341,73.8375128646,-45.0855770255,-15.7161413311,50.0521766339,25.5840131065,-49.1318066145,11.9180889944
51.2628656672,49.4162977476,16.2126864524,1.05946589503,73.1844979949,-44.7163223287,-15.6734331062,49.6131608558,25.3540432473,-48.7069387411,11.78054413
50.653172092,48.8444877063,15.9289888908,1.01105509948,72.2958203161,-44.3299102543,-15.7505938715,49.0865208946,25.0694335103,-48.2164887493,11.5480092385
49.1666270526,47.3716570839,15.4049762987,0.986590896478,70.0689695657,-43.0549537729,-15.3434873346,47.6505166687,24.3267764393,-46.8043481019,11.1499964237
49.2686241582,47.4639169359,15.4209842397,0.99472902543,70.2012227397,-43.1416085781,-15.3864412701,47.7496602532,24.3777854823,-46.8971254318,11.1554034935
49.6508434673,47.8354129814,15.5314249431,1.01544770001,70.7448173988,-43.4890392477,-15.5287401658,48.1312414812,24.5660057623,-47.264409573,11.2398254612
50.2997033397,48.5048203805,15.6908606688,1.00787047249,71.7183612263,-44.2079527787,-15.980651288,48.8286273649,24.9049803355,-47.9812658079,11.3643904403
50.5527674492,48.7629309875,15.8402578187,1.00532121492,72.1863955187,-44.3451193615,-15.9875631945,49.0546487713,25.0199874732,-48.1740727427,11.5005165791
48.4446234934,46.7405850331,15.1395840017,0.956048258381,69.1719759192,-42.5644494729,-15.412421032,47.0259091328,23.9874094977,-46.2118941365,10.9923881808
48.4446234934,46.7405850331,15.1395840017,0.956048258381,69.1719759192,-42.5644494729,-15.412421032,47.0259091328,23.9874094977,-46.2118941365,10.9923881808
47.3108016973,45.6443736366,14.7747845317,0.929155117583,67.5488688176,-41.5768441109,-15.07452282,45.93288801,23.4295143553,-45.139546128,10.722819479
45.2648954553,43.7085132917,14.1490255363,0.883298512432,64.7117781021,-39.791922792,-14.4471052092,43.9461736409,22.4208461643,-43.1943907139,10.2814331708
45.3120114408,43.7718821102,14.1808169488,0.886393053408,64.8144234306,-39.8147440139,-14.4504979063,43.9895962792,22.4455246311,-43.2347779429,10.3104853232
41.3740121612,39.9283524184,12.901114742,0.812458391629,59.0888489446,-36.3415528887,-13.2146327003,40.1619871239,20.4883151799,-39.4723267267,9.37907577949
42.0430638364,40.6027436734,13.115362943,0.827548213088,60.0756731323,-36.9488980584,-13.4130304556,40.7962958954,20.8311068698,-40.1192720959,9.53442369826
43.0496774408,41.5663666807,13.4133854407,0.847011809479,61.4953201966,-37.8592526265,-13.7468096039,41.7733961738,21.3303682079,-41.0913431316,9.74663415431
44.3001138448,42.8222293643,13.8499336308,0.866568724683,63.4089085634,-38.9627395769,-14.0847340673,42.9917018396,21.9502077907,-42.2863291258,10.077720053
46.9108789145,45.3858436966,14.7539593876,0.927415543854,67.250236824,-41.2104152392,-14.8147623013,45.5159905442,23.2379747455,-44.7561084846,10.7635856376
49.3674755465,47.7100049705,15.451284354,0.982643846434,70.6307900829,-43.4455924805,-15.6414151045,47.908539614,24.457596962,-47.1360515157,11.2442860141
51.0200714233,49.2871344993,15.9664569902,1.02037932255,72.9603292807,-44.8771976448,-16.1319417237,49.4910200224,25.2670670903,-48.690801216,11.625982566
49.0701571828,47.4658848505,15.3882021023,0.982814777387,70.2614164609,-43.2080641556,-15.5799137449,47.6147318311,24.3127540432,-46.8684955462,11.2261525015
50.7183745281,49.072749585,15.9478830663,1.01150045803,72.6688693599,-44.6403020104,-16.060076031,49.2060333625,25.1273336384,-48.4359840656,11.6470790994
52.6109095854,50.9218546793,16.5965538126,1.0581212614,75.4338441989,-46.2629171245,-16.5827201488,51.0293079062,26.0602856371,-50.2203951596,12.1412234513
55.2140536853,53.4204280319,17.4153874466,1.10713362124,79.1402645144,-48.5460179521,-17.3901617613,53.5478732336,27.3447834189,-52.6994302692,12.7378614372
56.4436606078,54.6523380324,17.901015511,1.13953397972,81.0259279977,-49.5719284183,-17.6783911909,54.7379526455,27.9502777221,-53.8491810215,13.1177587864
53.6884568721,51.99427016,17.0214006914,1.08726926977,77.0849532153,-47.1742293282,-16.7666444198,52.0589161343,26.584591438,-51.2311434084,12.4932925658
53.6884568721,51.99427016,17.0214006914,1.08726926977,77.0849532153,-47.1742293282,-16.7666444198,52.0589161343,26.584591438,-51.2311434084,12.4932925658
53.8565741028,52.1382867601,17.0146351281,1.08487808386,77.2776107236,-47.3740652297,-16.9331790485,52.2322465866,26.6735278044,-51.4129879087,12.4724830957
53.6684074774,51.9749539715,16.9376992151,1.07750165591,77.0400098938,-47.2616431849,-16.8958175705,52.0699420106,26.5830980708,-51.2561125032,12.4134568597
54.1465115474,52.4786798311,17.097081542,1.06672811154,77.7927234047,-47.7246883239,-17.122128648,52.560884959,26.8312581589,-51.7548392632,12.536533662
54.1465115474,52.4786798311,17.097081542,1.06672811154,77.7927234047,-47.7246883239,-17.122128648,52.560884959,26.8312581589,-51.7548392632,12.536533662
55.680423536,54.0010273833,17.5627396254,1.07856922561,80.0635381261,-49.1407817556,-17.6799488704,54.0728040917,27.6043425995,-53.2653552421,12.8869923347
54.8354726164,53.1919978015,17.3088192622,1.06414327575,78.8598586757,-48.4158031737,-17.4416269895,53.2653932812,27.1868775268,-52.4721660226,12.7113171741
55.9184671376,54.2450440534,17.6551955595,1.08577131197,80.4330034386,-49.3508857435,-17.7466229188,54.3074743537,27.7234235198,-53.4962729229,12.9650623777
58.3203242612,56.5316402615,18.4053565226,1.14737867035,83.796706999,-51.428666325,-18.4763157962,56.622054133,28.9073628733,-55.7674559746,13.5044378876
58.8337045188,57.0294332617,18.5673091137,1.15743817562,84.5381988542,-51.8846502128,-18.6341662796,57.126451817,29.1616994073,-56.2623105072,13.6191741125
61.0899601336,59.2112161314,19.3868921051,1.22887695562,87.8059402423,-53.7546148012,-19.1364194172,59.2747923144,30.263228486,-58.3448674557,14.2230449864
61.0421696899,59.1648199793,19.3724763026,1.22905156869,87.737131676,-53.7125549121,-19.1219166679,59.2281703914,30.2395109485,-58.2982246511,14.2123385716
59.6612433351,57.8088584208,18.9579592213,1.21357962718,85.7330917055,-52.446364993,-18.6001801549,57.8631783658,29.5443763253,-56.9451689464,13.9132397525
58.8321180146,56.9919829293,18.7252568894,1.20218798653,84.5224299853,-51.6890355642,-18.2487804565,57.0430491318,29.1261173692,-56.1327033064,13.7409981999
61.2520029482,59.2914497745,19.4441674165,1.26187377475,87.8812414756,-53.8320758671,-19.0328945181,59.3879065724,30.3276224182,-58.4516610715,14.2426839844
60.5757520921,58.6563025731,19.2298614165,1.23576649454,86.9490110945,-53.2814194785,-18.87187011,58.7519266389,30.0016870772,-57.8408481607,14.090143421
59.1960080072,57.2908133708,18.8265234156,1.21986946779,84.9376414819,-52.0046327373,-18.3007726746,57.3801518495,29.3062956133,-56.4778115726,13.7988715615
58.6469145914,56.6828306325,18.6232799327,1.23717015135,83.9924099759,-51.4394889444,-18.0451632445,56.8039595435,29.0203534198,-55.8930908386,13.6274029766
60.6544969577,58.6069945133,19.209796707,1.28153992247,86.8105282828,-53.2500752164,-18.7179457635,58.7521605869,30.0216206213,-57.8402160133,14.0535022675
60.7529101596,58.7028348455,19.238366391,1.28281615554,86.9533871904,-53.3369162172,-18.7473623056,58.8487286568,30.0711344857,-57.9365527232,14.0755165639
61.2251243602,59.1683040201,19.4115497602,1.29355327697,87.6555486807,-53.7324679869,-18.8659662133,59.3014385143,30.3039730636,-58.3780707941,14.2084467996
60.1463573886,58.1176562059,19.0639826592,1.27245901801,86.083637731,-52.8036582611,-18.5650427996,58.2635242021,29.7698498812,-57.3591137611,13.9529420308
60.6992637325,58.6351734316,19.2179642384,1.28049122203,86.840289681,-53.3123020074,-18.7594063688,58.7984646566,30.0450986757,-57.8956417818,14.0515403935
60.1046231607,58.036448442,19.0540496938,1.28405829451,85.9518037267,-52.732096931,-18.4697586178,58.1911053634,29.7393924591,-57.2881184538,13.9323047996
59.4254821709,57.3833101847,18.8286306731,1.28031436347,84.970169336,-52.1948584997,-18.2991027911,57.5516470084,29.4078616922,-56.6669338125,13.7716616824
57.5445059397,55.573877,18.2527978311,1.23604660577,82.314866058,-50.5283289236,-17.7092620879,55.7427041838,28.4763352699,-54.8781574263,13.3520941161
56.2526630626,54.3125695982,17.8392716924,1.21342464808,80.4322406753,-49.4085326595,-17.3368753451,54.4974983996,27.8355321052,-53.6504663627,13.0466034358
54.3990553689,52.5296829296,17.2699993048,1.17170754345,77.7938337814,-47.7759222017,-16.75619134,52.6986495118,26.9192069991,-51.8816019555,12.6412600526
51.7340786763,49.9581697269,16.4207205035,1.11402882259,73.977490216,-45.4204159829,-15.9497659501,50.1233256983,25.6025412481,-49.3376724588,12.0184031358
50.8267459729,49.1013983431,16.1702604495,1.08867622779,72.7673337979,-44.573286356,-15.6215299013,49.236492486,25.1458149703,-48.4403239341,11.85179646
48.5712164105,46.9069250791,15.4054797363,1.03113473488,69.4959276885,-42.6543668768,-15.0028592957,47.069535475,24.038948046,-46.3287013738,11.2767819295
47.1692397157,45.5909282077,14.9453134711,0.988949845163,67.5425462555,-41.4859268223,-14.6801901276,45.7545077315,23.3580562398,-45.0429481557,10.9407747669
44.2071365717,42.6777733074,13.8967892978,0.919405029659,63.1671845882,-38.9660560859,-13.8765171997,42.9026635915,21.898235805,-42.2569886448,10.1407627053
43.3306579925,41.8869162565,13.6478450627,0.891335401734,62.0161418036,-38.2320677177,-13.6871173633,42.0930027228,21.476434934,-41.4577464536,9.95943028981
40.872820966,39.4992571956,12.8274836861,0.830538585064,58.4593796372,-36.1100341582,-12.9721500295,39.7174436104,20.2657065413,-39.1370831774,9.34651764713
39.4059443032,38.0680578752,12.3290989254,0.796376458874,56.3317439305,-34.8427998098,-12.5587775759,38.2974772345,19.5396637696,-37.7428502426,8.97721381325
40.0337444371,38.6898213569,12.5101079296,0.806293035294,57.251627821,-35.4545270303,-12.8637162321,38.9422491902,19.8538027358,-38.3694899908,9.11460018432
39.6848753442,38.3504450771,12.3986139839,0.794483507749,56.7505832727,-35.1516102892,-12.7639922106,38.6045920113,19.6813535193,-38.0394779892,9.03170383139
36.5200576296,35.3067433544,11.457778436,0.737220363747,52.2641797812,-32.3119826833,-11.6783293404,35.5269337018,18.109458598,-34.9908087915,8.35525811613
35.5876128292,34.412507673,11.1747082728,0.718495397905,50.9567281273,-31.4939530292,-11.3933183256,34.6210098361,17.6484053066,-34.0975094851,8.15685095301
36.8688196311,35.538005562,11.5101368009,0.774586521291,52.5569832483,-32.5752258828,-11.7343119221,35.8164272997,18.2664622373,-35.2673680675,8.37135338424
36.2637659684,34.9147293782,11.3057059706,0.763778679246,51.6219166448,-32.0115049547,-11.5492999302,35.2236291643,17.9564578463,-34.6613684514,8.21088138655
37.6156227919,36.2656329417,11.6741968059,0.757111085643,53.6216044314,-33.3189825366,-12.1876755556,36.5974007794,18.6462450017,-36.0355943042,8.47708618245
37.5580508377,36.2009176437,11.6348705567,0.737267204104,53.5010991928,-33.2860363999,-12.2863260416,36.5555575954,18.6188672754,-35.9938660927,8.43459472973
36.6952294197,35.3587705146,11.3492921968,0.715085818051,52.2485638739,-32.5359889093,-12.0325294625,35.7162202649,18.1929323507,-35.1723316025,8.22158427727
36.7273688452,35.4474841474,11.4298012439,0.715068112856,52.4304905526,-32.5661695859,-11.9885491168,35.757209444,18.2072238125,-35.2045291954,8.31408618338
36.1433431232,34.9071339544,11.2221100209,0.686972105969,51.6282807025,-32.1014388016,-11.9156181226,35.2133679978,17.9272906507,-34.6798136008,8.16778539349
36.1140432951,34.8579969711,11.1458112741,0.679913849747,51.5371341381,-32.110684808,-11.9466416548,35.1825984739,17.9156525166,-34.6663765289,8.10630261051
36.1140432951,34.8579969711,11.1458112741,0.679913849747,51.5371341381,-32.110684808,-11.9466416548,35.1825984739,17.9156525166,-34.6663765289,8.10630261051
35.9957008189,34.7534377643,11.1112665534,0.681221042608,51.3639824847,-31.9852155563,-11.8891820487,35.0596825799,17.8559478837,-34.5368862092,8.08992572675
34.6048575483,33.4257802484,10.6873700325,0.647752483896,49.4339471663,-30.7489353445,-11.4437303204,33.7006124693,17.1631372552,-33.1927194689,7.79746536933
33.433557997,32.3105755049,10.3419445398,0.617446422815,47.7940111749,-29.7201065593,-11.0645203981,32.5709210894,16.5834743339,-32.0829446632,7.55245595382
32.6200030907,31.5304937446,10.1078510553,0.600594286045,46.6471787348,-28.9713045142,-10.7781004151,31.7718324085,16.180329384,-31.2908469059,7.3726413081
31.2063487389,30.2217614169,9.7111100628,0.561586931402,44.7571442878,-27.7409148385,-10.3176645112,30.4185941996,15.4841801925,-29.9575992061,7.10270616992
32.7851731781,31.6681707548,10.1377080592,0.603806785394,46.8555932388,-29.1259417148,-10.8222553739,31.9324846259,16.2549183961,-31.4398849199,7.38583919579
32.9085930741,31.7575694713,10.1764433149,0.60994580864,46.9594618027,-29.209451857,-10.8553539474,32.0344366542,16.3066393782,-31.5353877203,7.40243507478
35.7883807125,34.5135123601,11.1062530432,0.669359433972,51.0318419096,-31.7089737736,-11.7050457961,34.8006041586,17.7204840152,-34.2554065967,8.07931168985
36.3468498597,35.0592934385,11.3026869626,0.681111699874,51.8435941766,-32.1855549643,-11.8566467153,35.3361709624,17.9958507904,-34.7825602059,8.22610658209
37.4956754613,36.1690896119,11.6153495878,0.687335844982,53.4694204637,-33.2521487888,-12.3395351423,36.4721770377,18.5718577868,-35.9137962553,8.44511642787
36.6464920919,35.3673109817,11.3679675847,0.668131508122,52.29375115,-32.489110956,-12.0656160713,35.6516603219,18.1524504035,-35.100594005,8.27685860787
36.1263825027,34.8775883554,11.2176264328,0.656240887467,51.579750923,-32.0134022652,-11.8926720721,35.1474226458,17.8944979451,-34.6000796693,8.17487364539
35.2469580726,34.0319840357,10.9519062276,0.634823933507,50.3385292035,-31.2218682898,-11.6146681268,34.2930358989,17.4585777568,-33.7527768687,7.97816445847
36.0367117774,34.8132150864,11.2427714743,0.6523912699,51.5144636918,-31.8961927533,-11.8194987554,35.0517680652,17.8495516349,-34.4968522606,8.19797367149
35.7165853835,34.5206994732,11.1705984562,0.642842103252,51.0968730337,-31.5859743627,-11.6998975606,34.736384253,17.6926197851,-34.1823721126,8.14301776249
35.1905538093,33.998045362,10.9748040248,0.62988646311,50.3130730468,-31.1377239424,-11.5520357782,34.230971382,17.4334854327,-33.689363006,7.99265076893
34.5083603727,33.3691604811,10.7733307805,0.615194930315,49.3837133986,-30.569757787,-11.3615517188,33.5766072007,17.1048646697,-33.0656940611,7.85234649838
34.1292025267,33.003021297,10.6551937566,0.608772511226,48.843147508,-30.2352078255,-11.2435615615,33.2092858027,16.9171598328,-32.7019432578,7.76685837064
35.1533242234,33.9653508809,10.9607213825,0.630002302498,50.2661218407,-31.1094361601,-11.5496011921,34.1971907186,17.4153282089,-33.6547423971,7.98514641869
36.9177424519,35.6464553683,11.5061822099,0.676978825547,52.737050862,-32.6445005048,-12.0941349679,35.8980113762,18.2864153387,-35.3309759625,8.36972811945
39.9500051151,38.5255304669,12.4464737329,0.750172788017,56.9816717872,-35.2766765744,-13.0202428985,38.8157898314,19.7806732665,-38.2000694335,9.0492738618
38.9988311928,37.5842920098,12.1696944002,0.745282298127,55.5888463026,-34.3841641951,-12.6189367638,37.8619880407,19.2990865057,-37.2510392812,8.85044113337
42.1319363017,40.4685794554,13.0993570731,0.833961768005,59.7870493105,-37.0183739021,-13.4828799201,40.8173933441,20.8201330512,-40.1372133487,9.50400414216
43.1011952469,41.3553137607,13.4159172356,0.875328190954,61.0978014142,-37.7719463334,-13.636099931,41.7133473457,21.2781855415,-40.9837521216,9.74264295147
44.4229157923,42.6470497308,13.778182495,0.887044205059,63.0147121008,-39.008044985,-14.1647678492,43.0263959476,21.9483567583,-42.2989801485,9.99802566229
44.4229157923,42.6470497308,13.778182495,0.887044205059,63.0147121008,-39.008044985,-14.1647678492,43.0263959476,21.9483567583,-42.2989801485,9.99802566229
44.8117585243,43.0223469926,13.902386867,0.897147513861,63.5682356767,-39.3448744739,-14.2834697131,43.4083928068,22.1407331848,-42.6696548637,10.0849694726
44.9332200559,43.1071162276,13.9963285722,0.915305420864,63.7178203585,-39.3204665017,-14.1465656164,43.4837329397,22.1805059977,-42.7046200273,10.1599331004
42.4925182462,40.8349176749,13.2803979474,0.856117842492,60.3909757141,-37.2293266627,-13.4005324058,41.1385532537,20.9876649383,-40.4258213555,9.66300628206
45.6828192073,43.8479881234,14.3559439087,0.966809055373,64.861844838,-39.8666041063,-14.0894392818,44.1405879571,22.5386654976,-43.352282671,10.4559209927
44.1652069583,42.3732743815,13.9021551519,0.951721644103,62.6856701576,-38.4884031896,-13.5208878924,42.6464607399,21.781711786,-41.874190341,10.1271104739
43.0001222127,41.2565531405,13.5169369341,0.927010754892,61.0304905647,-37.4919670074,-13.1906188777,41.5295681203,21.2116827209,-40.7824167477,9.84050156659
41.9931756466,40.2807507192,13.1809987925,0.90180373213,59.5758914076,-36.6106935119,-12.90529355,40.5549729381,20.7165992642,-39.8271604464,9.58298525667
40.7299076096,39.0385402819,12.8033694283,0.887796470426,57.7381076325,-35.4386683184,-12.4064463618,39.2993502884,20.0820604767,-38.5831227207,9.31276527356
39.651140638,37.9878924677,12.4558023273,0.866702211461,56.1661966828,-34.5098585925,-12.1055229481,38.2614359762,19.5479372944,-37.5641656876,9.05726050478
38.3606467619,36.734566862,12.0374499185,0.834729664441,54.3231374033,-33.3948708278,-11.7373726745,37.0248296834,18.9121734391,-36.3524103149,8.74394477368
38.2932475527,36.6711022671,12.0197016271,0.83267988606,54.2304766171,-33.3332968822,-11.7158920485,36.9598163521,18.8786943214,-36.2878250273,8.73066740311
38.2932475527,36.6711022671,12.0197016271,0.83267988606,54.2304766171,-33.3332968822,-11.7158920485,36.9598163521,18.8786943214,-36.2878250273,8.73066740311
38.2932475527,36.6711022671,12.0197016271,0.83267988606,54.2304766171,-33.3332968822,-11.7158920485,36.9598163521,18.8786943214,-36.2878250273,8.73066740311
37.9576038342,36.3507406821,11.9124115932,0.824669277466,53.7555972304,-33.0416678815,-11.6151244876,36.6357899657,18.7131805235,-35.9682215988,8.65428784432
37.2123996547,35.6419745082,11.6918393675,0.807774412847,52.7123984659,-32.3676707049,-11.3713325386,35.9147157402,18.3440023451,-35.2515632644,8.49996889797
36.8411999857,35.2909287014,11.5810441539,0.795778188937,52.2026010278,-32.0444950305,-11.2568668957,35.5596045016,18.1619013409,-34.9032294466,8.41998605053
32.6162919221,31.3233037472,10.3322027298,0.697649811332,46.3942688396,-28.3851575274,-9.94549724827,31.5032789622,16.0880773468,-30.9198463278,7.53343008118
31.1679309436,29.9416557185,9.86905252595,0.666984450762,44.351548538,-27.1303544252,-9.52283843893,30.1096223279,15.3790622705,-29.5580404705,7.19837169269
27.9106505515,26.7887810592,8.77250956932,0.597760619383,39.6654310997,-24.3219138739,-8.59882281322,26.9793286116,13.7751574264,-26.4807094886,6.38856547465
27.3609528537,26.2733227134,8.60996474131,0.58927750686,38.9141997424,-23.8476171045,-8.42365702023,26.4566324498,13.5067080611,-25.9635190998,6.27135786101
25.7397557785,24.6716583543,8.10731394664,0.572277766371,36.5282845822,-22.3722507597,-7.82298848449,24.8551435816,12.6926440516,-24.3757932768,5.89837572278
25.5146611882,24.4526148067,8.03708287277,0.567273522407,36.1990860448,-22.1739622739,-7.7521405347,24.6383070322,12.5814183318,-24.1596492782,5.84604173892
25.3230598498,24.2717874237,7.98312765705,0.56337033278,35.9367320032,-21.9912616503,-7.68347310308,24.4520149942,12.4854081625,-23.9724676351,5.80930200422
24.6395858273,23.5908465027,7.72118372408,0.548105001197,34.9032654924,-21.4228537858,-7.51895025472,23.795247035,12.1487066165,-23.3339391902,5.60796482529
23.9739406444,22.928520948,7.46558737193,0.532951711243,33.8980846693,-20.8693810014,-7.35845707908,23.1563567826,11.8209736704,-22.7129962362,5.41157002325
23.9739406444,22.928520948,7.46558737193,0.532951711243,33.8980846693,-20.8693810014,-7.35845707908,23.1563567826,11.8209736704,-22.7129962362,5.41157002325
23.9739406444,22.928520948,7.46558737193,0.532951711243,33.8980846693,-20.8693810014,-7.35845707908,23.1563567826,11.8209736704,-22.7129962362,5.41157002325
23.1679922911,22.1254126137,7.2329575743,0.531423403346,32.7078576178,-20.1040532135,-7.00240467955,22.3435474895,11.411311528,-21.9027408903,5.24331981272
22.1438705945,21.1630830298,6.92742994838,0.510193612073,31.2848832851,-19.2298248789,-6.6963650489,21.3556425736,10.9131431519,-20.9499417511,5.02503176467
21.2600957325,20.3245292096,6.6631799134,0.488631032121,30.0610717135,-18.4466897966,-6.40640634725,20.498069467,10.4736139363,-20.0995282965,4.84136411731
19.3262815799,18.4636727796,6.03645145932,0.436464854041,27.2985219964,-16.7694954137,-5.85025627663,18.6355345202,9.52391210852,-18.273699796,4.37582198229
16.8032791027,16.0715137366,5.24935094793,0.375365156581,23.7734090887,-14.5969217784,-5.07893518318,16.2109741824,8.2795783666,-15.8922410907,3.81693577408
15.8942898252,15.2118458765,4.97564708875,0.355370791019,22.5182785471,-13.8078876648,-4.79636848888,15.3437507643,7.83357837658,-15.0356968842,3.61774487959
11.0420030478,10.6489455725,3.52357070699,0.241467211707,15.8175243,-9.63618605129,-3.33414212364,10.6885201544,5.45776478277,-10.4937876294,2.57793376566
11.0420030478,10.6489455725,3.52357070699,0.241467211707,15.8175243,-9.63618605129,-3.33414212364,10.6885201544,5.45776478277,-10.4937876294,2.57793376566
7.88318614048,7.57247997175,2.53599738578,0.183756925566,11.2392054958,-6.80858565701,-2.28508222876,7.599586872,3.88471935179,-7.44560341488,1.85053592284
7.88318614048,7.57247997175,2.53599738578,0.183756925566,11.2392054958,-6.80858565701,-2.28508222876,7.599586872,3.88471935179,-7.44560341488,1.85053592284
6.72181051115,6.42778205156,2.11635193259,0.156392153816,9.51969977871,-5.82648009754,-1.97924423047,6.47488847656,3.31153550694,-6.35248776068,1.53703519665
5.12411098666,4.92817770733,1.64279808515,0.117099088349,7.31296953597,-4.44460225791,-1.49593784305,4.9363112651,2.52889056825,-4.85083270912,1.20354500894
3.4566555831,3.3468371904,1.11318327227,0.0757025481168,4.98503721921,-3.01863919512,-1.00206267385,3.3385838104,1.7072872581,-3.28386779185,0.826020322644
